{
    "timestamp": "20260120_214355",
    "ticker": "NVDA",
    "environment": {
        "S0": 178.57000732421875,
        "r": 0.043,
        "q": 0.002
    },
    "initial_guess": {
        "kappa": 1,
        "theta": 0.1,
        "xi": 0.05,
        "rho": -0.1,
        "v0": 0.4
    },
    "parameters_analytical": {
        "kappa": 3.725716240519671,
        "theta": 0.2650201163803903,
        "xi": 1.4035153106452487,
        "rho": -0.5143069686735019,
        "v0": 0.23731161585573707,
        "success": true
    },
    "parameters_mc": {
        "kappa": 2.8204422361692485,
        "theta": 0.2643701388973898,
        "xi": 1.2211935009377926,
        "rho": -0.3882922159172469,
        "v0": 0.23531478948652226,
        "success": true,
        "sse": 0.06803037230918567
    }
}