{
    "market": {
        "S0": 6969.009765625,
        "r": 0.043,
        "q": 0.013
    },
    "analytical": {
        "kappa": 1.2084516966431518,
        "theta": 0.06663063949277913,
        "xi": 0.7590594737121767,
        "rho": -0.7891944860829064,
        "v0": 0.03344336163068416,
        "success": true,
        "fun": 0.2805920463375236,
        "rmse_iv": 0.0025149334146036912
    }
}