{
    "market": {
        "S0": 186.8300018310547,
        "r": 0.045,
        "q": 0.0002
    },
    "analytical": {
        "kappa": 3.206458504625724,
        "theta": 0.2345367016723261,
        "xi": 0.41380396985097434,
        "rho": -0.708928267183979,
        "v0": 0.1744378322207145,
        "success": true,
        "sse": 0.04247273960715125,
        "rmse_iv": 0.02138900925721137
    },
    "monte_carlo_results": {
        "kappa": 3.133708599832181,
        "theta": 0.2600175638071382,
        "xi": 1.3867886494893977,
        "rho": -0.2795615224071442,
        "v0": 0.18732236451058862,
        "success": true,
        "fun": 0.021458653082286384,
        "rmse_iv": 0.023465281361467093
    }
}