{
    "timestamp": "20260120_220341",
    "ticker": "COST",
    "environment": {
        "S0": 964.260009765625,
        "r": 0.043,
        "q": 0.005
    },
    "initial_guess": {
        "kappa": 1,
        "theta": 0.1,
        "xi": 0.05,
        "rho": -0.1,
        "v0": 0.4
    },
    "parameters_analytical": {
        "kappa": 1.5808825512401092,
        "theta": 0.0856231568568073,
        "xi": 0.4784008815395806,
        "rho": -0.23055335339121455,
        "v0": 0.3420569655137991,
        "success": false
    },
    "parameters_mc": {
        "kappa": 1.1371626732121776,
        "theta": 0.04767449540667414,
        "xi": 0.01,
        "rho": -0.10571073536631338,
        "v0": 0.049953849537193847,
        "success": true,
        "sse": 5.255841945947253
    }
}