{
    "market": {
        "S0": 6969.009765625,
        "r": 0.043,
        "q": 0.013
    },
    "analytical": {
        "kappa": 1.397868118367227,
        "theta": 0.06365333398740332,
        "xi": 0.7903536182508012,
        "rho": -0.7896042751696155,
        "v0": 0.03338818911719686,
        "success": true,
        "fun": 0.15972335699333892,
        "rmse_iv": 0.0025167731781693212
    }
}