{
    "market": {
        "S0": 186.46499633789062,
        "r": 0.045,
        "q": 0.0002
    },
    "analytical": {
        "kappa": 2.593387796859965,
        "theta": 0.2633634792280899,
        "xi": 1.2425024479545546,
        "rho": -0.2677831736025407,
        "v0": 0.17968664282468558,
        "success": true,
        "sse": 0.013109209944158191,
        "rmse_iv": 0.011790526830319666
    },
    "monte_carlo_results": {
        "kappa": 3.1617295242498415,
        "theta": 0.2575632859252821,
        "xi": 1.363848960309642,
        "rho": -0.2790610757558237,
        "v0": 0.18399439771839235,
        "success": true,
        "fun": 0.01550230380200621,
        "rmse_iv": 0.023740972551329637
    }
}