{
    "market": {
        "S0": 187.6699981689453,
        "r": 0.045,
        "q": 0.002
    },
    "analytical": {
        "kappa": 2.699975342250939,
        "theta": 0.28151062816455835,
        "xi": 1.7300237053306047,
        "rho": -0.2501911612376794,
        "v0": 0.20930380198337312,
        "success": true,
        "sse": 0.024363000079406165,
        "rmse_iv": 0.005565450341221353
    },
    "monte_carlo_results": {
        "kappa": 2.700019315726502,
        "theta": 0.2843802936357963,
        "xi": 1.72985226236196,
        "rho": -0.2699220353817347,
        "v0": 0.21268524580598586,
        "success": true,
        "fun": 0.02645442316521791,
        "rmse_iv": 0.005100880146040232
    }
}