{
    "timestamp": "20260124_151024",
    "ticker": "NVDA",
    "market": {
        "S0": 187.6699981689453,
        "r": 0.045,
        "q": 0.003
    },
    "initial_guess": [
        1.5,
        0.06,
        0.5,
        -0.6,
        0.06
    ],
    "analytical_results": {
        "kappa": 1.4774837468687259,
        "theta": 2.0,
        "xi": 1.664276525520261,
        "rho": -0.4586374843302442,
        "v0": 0.07830442054874351,
        "success": true,
        "sse": 0.3239306664629222,
        "rmse_iv": 0.021103230433874666
    },
    "monte_carlo_results": {
        "kappa": 4.792621557525315,
        "theta": 0.7210615461502423,
        "xi": 1.7922911728101065,
        "rho": -0.45754500833380685,
        "v0": 0.07952772823896385,
        "success": true,
        "sse": 0.3395225365506056,
        "rmse_iv": 0.023040730597327305
    }
}