{
    "timestamp": "20260120_214724",
    "ticker": "TSLA",
    "environment": {
        "S0": 418.864990234375,
        "r": 0.043,
        "q": 0.0
    },
    "initial_guess": {
        "kappa": 1,
        "theta": 0.1,
        "xi": 0.05,
        "rho": -0.1,
        "v0": 0.4
    },
    "parameters_analytical": {
        "kappa": 2.525562516958237,
        "theta": 0.3391363673319379,
        "xi": 0.8187972983804517,
        "rho": -0.2361001082484397,
        "v0": 0.23688767978470474,
        "success": true
    },
    "parameters_mc": {
        "kappa": 2.066336043190124,
        "theta": 0.3467035016219744,
        "xi": 0.6229195899788639,
        "rho": -0.3258216600259275,
        "v0": 0.2405774330648197,
        "success": true,
        "sse": 0.2797771939256481
    }
}