{
    "market": {
        "S0": 186.84649658203125,
        "r": 0.045,
        "q": 0.015
    },
    "analytical": {
        "kappa": 1.5187401040941275,
        "theta": 0.38053246047059475,
        "xi": 1.371078093413324,
        "rho": -0.3282823462807102,
        "v0": 0.1911425743034378,
        "success": true,
        "sse": 0.005473859211396385,
        "rmse_iv": 0.012571119421531845
    },
    "monte_carlo_results": {
        "kappa": 2.2646125507590407,
        "theta": 0.3421090982717043,
        "xi": 1.598039075679699,
        "rho": -0.3369629315867985,
        "v0": 0.19528079801980425,
        "success": true,
        "fun": 0.007815459869567493,
        "rmse_iv": 0.019284723629282508
    }
}