{
    "market": {
        "S0": 191.52000427246094,
        "r": 0.045,
        "q": 0.0002
    },
    "analytical": {
        "kappa": 2.2424468813122025,
        "theta": 0.2582146390023883,
        "xi": 0.822941475047032,
        "rho": -0.24487533608777554,
        "v0": 0.17281551854423885,
        "success": true,
        "fun": 0.006470199740787147,
        "rmse_iv": 0.006523289286029724
    },
    "monte_carlo_results": {
        "kappa": 7.996699739073271,
        "theta": 0.23892307441280425,
        "xi": 2.104036996861549,
        "rho": -0.2469190744000468,
        "v0": 0.14910797893781727,
        "success": true,
        "fun": 0.005720855230368991,
        "rmse_iv": 0.006252477497566997
    }
}